{
    "x": 26.030214309692383,
    "y": 3.689269781112671,
    "z": 29.738840103149414
}

{
    "x": -40.33051681518555,
    "y": 3.6890575885772705,
    "z": 29.896005630493164
}

{
    "x": -40.38621139526367,
    "y": 3.6891231536865234,
    "z": -30.41437339782715
}

{
    "x": 26.220748901367188,
    "y": 3.689084768295288,
    "z": -30.546430587768555
}